{
    "lightgbm": {
        "learning_rate": 0.020763482134447155,
        "num_leaves": 49,
        "max_depth": 9,
        "min_child_samples": 33,
        "feature_fraction": 0.8698385129840963,
        "bagging_fraction": 0.7728284587275367,
        "bagging_freq": 4,
        "lambda_l1": 0.42754101835854963,
        "lambda_l2": 0.02541912674409519,
        "min_gain_to_split": 0.10789142699330445
    },
    "xgboost": {
        "learning_rate": 0.025691100161474374,
        "max_depth": 4,
        "min_child_weight": 5,
        "subsample": 0.6750300724595839,
        "colsample_bytree": 0.7080589128703798,
        "gamma": 0.34569374524826657,
        "lambda": 1.4740680461408981,
        "alpha": 1.197143151579027
    },
    "catboost": {
        "iterations": 2617,
        "learning_rate": 0.037415239225603365,
        "depth": 4,
        "l2_leaf_reg": 7.158097238609412,
        "bagging_temperature": 0.4401524937396013,
        "random_strength": 0.24407646968955765,
        "border_count": 142
    },
    "extratrees": {
        "n_estimators": 142,
        "max_depth": 10,
        "min_samples_split": 13,
        "min_samples_leaf": 6,
        "max_features": 0.7368209952651108
    },
    "gradientboosting": {
        "n_estimators": 127,
        "learning_rate": 0.056327369591044354,
        "max_depth": 3,
        "min_samples_split": 14,
        "min_samples_leaf": 8,
        "subsample": 0.8974311531059256,
        "max_features": 0.7358600104346266
    },
    "ridge": {
        "alpha": 0.3391998205549459
    },
    "elasticnet": {
        "alpha": 0.010399510317816697,
        "l1_ratio": 0.6767848682861811
    },
    "svr": {
        "C": 11.782477479554705,
        "epsilon": 0.48400693985987375,
        "gamma": "scale"
    }
}